SWD06 Spine-Leaf Links                20160411 2601.0.4,,,,,,,,,,,,,,
Mode,SWD06,,,,,,,,,,,,,
Source,,,,,,Destination,,,,,,Cable,,
Rack Group,Rack,Name,Name-2,Port,Type,Rack Group,Rack,Name,Name-2,Port,Type,Label,Length,Details
,,ZzNAMEqQ,S201A,24,CS,,,ZzNAMEqQ,L101A,25,CL,,,
,,ZzNAMEqQ,S201A,23,,,,ZzNAMEqQ,L101A,26,,,,
,,ZzNAMEqQ,S202A,22,,,,ZzNAMEqQ,L101A,27,,,,
,,ZzNAMEqQ,S202A,21,,,,ZzNAMEqQ,L101A,28,,,,
,,ZzNAMEqQ,S203A,20,,,,ZzNAMEqQ,L101A,29,,,,
,,ZzNAMEqQ,S203A,19,,,,ZzNAMEqQ,L101A,30,,,,
,,ZzNAMEqQ,S202B,31,,,,ZzNAMEqQ,L101A,31,,,,
,,ZzNAMEqQ,S202B,32,,,,ZzNAMEqQ,L101A,32,,,,
,,ZzNAMEqQ,S201B,33,,,,ZzNAMEqQ,L101A,33,,,,
,,ZzNAMEqQ,S201B,34,,,,ZzNAMEqQ,L101A,34,,,,
,,ZzNAMEqQ,S203B,35,,,,ZzNAMEqQ,L101A,35,,,,
,,ZzNAMEqQ,S203B,36,,,,ZzNAMEqQ,L101A,36,,,,
,,ZzNAMEqQ,S203B,37,,,,ZzNAMEqQ,L101A,37,,,,
,,ZzNAMEqQ,S203B,38,,,,ZzNAMEqQ,L101A,38,,,,
,,ZzNAMEqQ,S201B,39,,,,ZzNAMEqQ,L101A,39,,,,
,,ZzNAMEqQ,S201B,40,,,,ZzNAMEqQ,L101A,40,,,,
,,ZzNAMEqQ,S202B,41,,,,ZzNAMEqQ,L101A,41,,,,
,,ZzNAMEqQ,S202B,42,,,,ZzNAMEqQ,L101A,42,,,,
,,ZzNAMEqQ,S203A,06,,,,ZzNAMEqQ,L101A,43,,,,
,,ZzNAMEqQ,S203A,05,,,,ZzNAMEqQ,L101A,44,,,,
,,ZzNAMEqQ,S202A,04,,,,ZzNAMEqQ,L101A,45,,,,
,,ZzNAMEqQ,S202A,03,,,,ZzNAMEqQ,L101A,46,,,,
,,ZzNAMEqQ,S201A,02,,,,ZzNAMEqQ,L101A,47,,,,
,,ZzNAMEqQ,S201A,01,,,,ZzNAMEqQ,L101A,48,,,,
,,ZzNAMEqQ,S201B,48,,,,ZzNAMEqQ,L101B,25,,,,
,,ZzNAMEqQ,S201B,47,,,,ZzNAMEqQ,L101B,26,,,,
,,ZzNAMEqQ,S202B,46,,,,ZzNAMEqQ,L101B,27,,,,
,,ZzNAMEqQ,S202B,45,,,,ZzNAMEqQ,L101B,28,,,,
,,ZzNAMEqQ,S203B,44,,,,ZzNAMEqQ,L101B,29,,,,
,,ZzNAMEqQ,S203B,43,,,,ZzNAMEqQ,L101B,30,,,,
,,ZzNAMEqQ,S203A,07,,,,ZzNAMEqQ,L101B,31,,,,
,,ZzNAMEqQ,S203A,08,,,,ZzNAMEqQ,L101B,32,,,,
,,ZzNAMEqQ,S202A,09,,,,ZzNAMEqQ,L101B,33,,,,
,,ZzNAMEqQ,S202A,10,,,,ZzNAMEqQ,L101B,34,,,,
,,ZzNAMEqQ,S201A,11,,,,ZzNAMEqQ,L101B,35,,,,
,,ZzNAMEqQ,S201A,12,,,,ZzNAMEqQ,L101B,36,,,,
,,ZzNAMEqQ,S201A,13,,,,ZzNAMEqQ,L101B,37,,,,
,,ZzNAMEqQ,S201A,14,,,,ZzNAMEqQ,L101B,38,,,,
,,ZzNAMEqQ,S202A,15,,,,ZzNAMEqQ,L101B,39,,,,
,,ZzNAMEqQ,S202A,16,,,,ZzNAMEqQ,L101B,40,,,,
,,ZzNAMEqQ,S203A,17,,,,ZzNAMEqQ,L101B,41,,,,
,,ZzNAMEqQ,S203A,18,,,,ZzNAMEqQ,L101B,42,,,,
,,ZzNAMEqQ,S203B,30,,,,ZzNAMEqQ,L101B,43,,,,
,,ZzNAMEqQ,S203B,29,,,,ZzNAMEqQ,L101B,44,,,,
,,ZzNAMEqQ,S202B,28,,,,ZzNAMEqQ,L101B,45,,,,
,,ZzNAMEqQ,S202B,27,,,,ZzNAMEqQ,L101B,46,,,,
,,ZzNAMEqQ,S201B,26,,,,ZzNAMEqQ,L101B,47,,,,
,,ZzNAMEqQ,S201B,25,,,,ZzNAMEqQ,L101B,48,,,,
,,ZzNAMEqQ,S201A,48,,,,ZzNAMEqQ,L102A,25,,,,
,,ZzNAMEqQ,S201A,47,,,,ZzNAMEqQ,L102A,26,,,,
,,ZzNAMEqQ,S202A,46,,,,ZzNAMEqQ,L102A,27,,,,
,,ZzNAMEqQ,S202A,45,,,,ZzNAMEqQ,L102A,28,,,,
,,ZzNAMEqQ,S203A,44,,,,ZzNAMEqQ,L102A,29,,,,
,,ZzNAMEqQ,S203A,43,,,,ZzNAMEqQ,L102A,30,,,,
,,ZzNAMEqQ,S202B,07,,,,ZzNAMEqQ,L102A,31,,,,
,,ZzNAMEqQ,S202B,08,,,,ZzNAMEqQ,L102A,32,,,,
,,ZzNAMEqQ,S201B,09,,,,ZzNAMEqQ,L102A,33,,,,
,,ZzNAMEqQ,S201B,10,,,,ZzNAMEqQ,L102A,34,,,,
,,ZzNAMEqQ,S203B,11,,,,ZzNAMEqQ,L102A,35,,,,
,,ZzNAMEqQ,S203B,12,,,,ZzNAMEqQ,L102A,36,,,,
,,ZzNAMEqQ,S203B,13,,,,ZzNAMEqQ,L102A,37,,,,
,,ZzNAMEqQ,S203B,14,,,,ZzNAMEqQ,L102A,38,,,,
,,ZzNAMEqQ,S201B,15,,,,ZzNAMEqQ,L102A,39,,,,
,,ZzNAMEqQ,S201B,16,,,,ZzNAMEqQ,L102A,40,,,,
,,ZzNAMEqQ,S202B,17,,,,ZzNAMEqQ,L102A,41,,,,
,,ZzNAMEqQ,S202B,18,,,,ZzNAMEqQ,L102A,42,,,,
,,ZzNAMEqQ,S203A,30,,,,ZzNAMEqQ,L102A,43,,,,
,,ZzNAMEqQ,S203A,29,,,,ZzNAMEqQ,L102A,44,,,,
,,ZzNAMEqQ,S202A,28,,,,ZzNAMEqQ,L102A,45,,,,
,,ZzNAMEqQ,S202A,27,,,,ZzNAMEqQ,L102A,46,,,,
,,ZzNAMEqQ,S201A,26,,,,ZzNAMEqQ,L102A,47,,,,
,,ZzNAMEqQ,S201A,25,,,,ZzNAMEqQ,L102A,48,,,,
,,ZzNAMEqQ,S201B,24,,,,ZzNAMEqQ,L102B,25,,,,
,,ZzNAMEqQ,S201B,23,,,,ZzNAMEqQ,L102B,26,,,,
,,ZzNAMEqQ,S202B,22,,,,ZzNAMEqQ,L102B,27,,,,
,,ZzNAMEqQ,S202B,21,,,,ZzNAMEqQ,L102B,28,,,,
,,ZzNAMEqQ,S203B,20,,,,ZzNAMEqQ,L102B,29,,,,
,,ZzNAMEqQ,S203B,19,,,,ZzNAMEqQ,L102B,30,,,,
,,ZzNAMEqQ,S203A,31,,,,ZzNAMEqQ,L102B,31,,,,
,,ZzNAMEqQ,S203A,32,,,,ZzNAMEqQ,L102B,32,,,,
,,ZzNAMEqQ,S202A,33,,,,ZzNAMEqQ,L102B,33,,,,
,,ZzNAMEqQ,S202A,34,,,,ZzNAMEqQ,L102B,34,,,,
,,ZzNAMEqQ,S201A,35,,,,ZzNAMEqQ,L102B,35,,,,
,,ZzNAMEqQ,S201A,36,,,,ZzNAMEqQ,L102B,36,,,,
,,ZzNAMEqQ,S201A,37,,,,ZzNAMEqQ,L102B,37,,,,
,,ZzNAMEqQ,S201A,38,,,,ZzNAMEqQ,L102B,38,,,,
,,ZzNAMEqQ,S202A,39,,,,ZzNAMEqQ,L102B,39,,,,
,,ZzNAMEqQ,S202A,40,,,,ZzNAMEqQ,L102B,40,,,,
,,ZzNAMEqQ,S203A,41,,,,ZzNAMEqQ,L102B,41,,,,
,,ZzNAMEqQ,S203A,42,,,,ZzNAMEqQ,L102B,42,,,,
,,ZzNAMEqQ,S203B,06,,,,ZzNAMEqQ,L102B,43,,,,
,,ZzNAMEqQ,S203B,05,,,,ZzNAMEqQ,L102B,44,,,,
,,ZzNAMEqQ,S202B,04,,,,ZzNAMEqQ,L102B,45,,,,
,,ZzNAMEqQ,S202B,03,,,,ZzNAMEqQ,L102B,46,,,,
,,ZzNAMEqQ,S201B,02,,,,ZzNAMEqQ,L102B,47,,,,
,,ZzNAMEqQ,S201B,01,,,,ZzNAMEqQ,L102B,48,,,,
,,ZzNAMEqQ,S202A,24,,,,ZzNAMEqQ,L103A,25,,,,
,,ZzNAMEqQ,S202A,23,,,,ZzNAMEqQ,L103A,26,,,,
,,ZzNAMEqQ,S203A,22,,,,ZzNAMEqQ,L103A,27,,,,
,,ZzNAMEqQ,S203A,21,,,,ZzNAMEqQ,L103A,28,,,,
,,ZzNAMEqQ,S201A,20,,,,ZzNAMEqQ,L103A,29,,,,
,,ZzNAMEqQ,S201A,19,,,,ZzNAMEqQ,L103A,30,,,,
,,ZzNAMEqQ,S203B,31,,,,ZzNAMEqQ,L103A,31,,,,
,,ZzNAMEqQ,S203B,32,,,,ZzNAMEqQ,L103A,32,,,,
,,ZzNAMEqQ,S202B,33,,,,ZzNAMEqQ,L103A,33,,,,
,,ZzNAMEqQ,S202B,34,,,,ZzNAMEqQ,L103A,34,,,,
,,ZzNAMEqQ,S201B,35,,,,ZzNAMEqQ,L103A,35,,,,
,,ZzNAMEqQ,S201B,36,,,,ZzNAMEqQ,L103A,36,,,,
,,ZzNAMEqQ,S201B,37,,,,ZzNAMEqQ,L103A,37,,,,
,,ZzNAMEqQ,S201B,38,,,,ZzNAMEqQ,L103A,38,,,,
,,ZzNAMEqQ,S202B,39,,,,ZzNAMEqQ,L103A,39,,,,
,,ZzNAMEqQ,S202B,40,,,,ZzNAMEqQ,L103A,40,,,,
,,ZzNAMEqQ,S203B,41,,,,ZzNAMEqQ,L103A,41,,,,
,,ZzNAMEqQ,S203B,42,,,,ZzNAMEqQ,L103A,42,,,,
,,ZzNAMEqQ,S201A,06,,,,ZzNAMEqQ,L103A,43,,,,
,,ZzNAMEqQ,S201A,05,,,,ZzNAMEqQ,L103A,44,,,,
,,ZzNAMEqQ,S203A,04,,,,ZzNAMEqQ,L103A,45,,,,
,,ZzNAMEqQ,S203A,03,,,,ZzNAMEqQ,L103A,46,,,,
,,ZzNAMEqQ,S202A,02,,,,ZzNAMEqQ,L103A,47,,,,
,,ZzNAMEqQ,S202A,01,,,,ZzNAMEqQ,L103A,48,,,,
,,ZzNAMEqQ,S202B,48,,,,ZzNAMEqQ,L103B,25,,,,
,,ZzNAMEqQ,S202B,47,,,,ZzNAMEqQ,L103B,26,,,,
,,ZzNAMEqQ,S203B,46,,,,ZzNAMEqQ,L103B,27,,,,
,,ZzNAMEqQ,S203B,45,,,,ZzNAMEqQ,L103B,28,,,,
,,ZzNAMEqQ,S201B,44,,,,ZzNAMEqQ,L103B,29,,,,
,,ZzNAMEqQ,S201B,43,,,,ZzNAMEqQ,L103B,30,,,,
,,ZzNAMEqQ,S201A,07,,,,ZzNAMEqQ,L103B,31,,,,
,,ZzNAMEqQ,S201A,08,,,,ZzNAMEqQ,L103B,32,,,,
,,ZzNAMEqQ,S203A,09,,,,ZzNAMEqQ,L103B,33,,,,
,,ZzNAMEqQ,S203A,10,,,,ZzNAMEqQ,L103B,34,,,,
,,ZzNAMEqQ,S202A,11,,,,ZzNAMEqQ,L103B,35,,,,
,,ZzNAMEqQ,S202A,12,,,,ZzNAMEqQ,L103B,36,,,,
,,ZzNAMEqQ,S202A,13,,,,ZzNAMEqQ,L103B,37,,,,
,,ZzNAMEqQ,S202A,14,,,,ZzNAMEqQ,L103B,38,,,,
,,ZzNAMEqQ,S203A,15,,,,ZzNAMEqQ,L103B,39,,,,
,,ZzNAMEqQ,S203A,16,,,,ZzNAMEqQ,L103B,40,,,,
,,ZzNAMEqQ,S201A,17,,,,ZzNAMEqQ,L103B,41,,,,
,,ZzNAMEqQ,S201A,18,,,,ZzNAMEqQ,L103B,42,,,,
,,ZzNAMEqQ,S201B,30,,,,ZzNAMEqQ,L103B,43,,,,
,,ZzNAMEqQ,S201B,29,,,,ZzNAMEqQ,L103B,44,,,,
,,ZzNAMEqQ,S203B,28,,,,ZzNAMEqQ,L103B,45,,,,
,,ZzNAMEqQ,S203B,27,,,,ZzNAMEqQ,L103B,46,,,,
,,ZzNAMEqQ,S202B,26,,,,ZzNAMEqQ,L103B,47,,,,
,,ZzNAMEqQ,S202B,25,,,,ZzNAMEqQ,L103B,48,,,,
,,ZzNAMEqQ,S202A,48,,,,ZzNAMEqQ,L104A,25,,,,
,,ZzNAMEqQ,S202A,47,,,,ZzNAMEqQ,L104A,26,,,,
,,ZzNAMEqQ,S203A,46,,,,ZzNAMEqQ,L104A,27,,,,
,,ZzNAMEqQ,S203A,45,,,,ZzNAMEqQ,L104A,28,,,,
,,ZzNAMEqQ,S201A,44,,,,ZzNAMEqQ,L104A,29,,,,
,,ZzNAMEqQ,S201A,43,,,,ZzNAMEqQ,L104A,30,,,,
,,ZzNAMEqQ,S203B,07,,,,ZzNAMEqQ,L104A,31,,,,
,,ZzNAMEqQ,S203B,08,,,,ZzNAMEqQ,L104A,32,,,,
,,ZzNAMEqQ,S202B,09,,,,ZzNAMEqQ,L104A,33,,,,
,,ZzNAMEqQ,S202B,10,,,,ZzNAMEqQ,L104A,34,,,,
,,ZzNAMEqQ,S201B,11,,,,ZzNAMEqQ,L104A,35,,,,
,,ZzNAMEqQ,S201B,12,,,,ZzNAMEqQ,L104A,36,,,,
,,ZzNAMEqQ,S201B,13,,,,ZzNAMEqQ,L104A,37,,,,
,,ZzNAMEqQ,S201B,14,,,,ZzNAMEqQ,L104A,38,,,,
,,ZzNAMEqQ,S202B,15,,,,ZzNAMEqQ,L104A,39,,,,
,,ZzNAMEqQ,S202B,16,,,,ZzNAMEqQ,L104A,40,,,,
,,ZzNAMEqQ,S203B,17,,,,ZzNAMEqQ,L104A,41,,,,
,,ZzNAMEqQ,S203B,18,,,,ZzNAMEqQ,L104A,42,,,,
,,ZzNAMEqQ,S201A,30,,,,ZzNAMEqQ,L104A,43,,,,
,,ZzNAMEqQ,S201A,29,,,,ZzNAMEqQ,L104A,44,,,,
,,ZzNAMEqQ,S203A,28,,,,ZzNAMEqQ,L104A,45,,,,
,,ZzNAMEqQ,S203A,27,,,,ZzNAMEqQ,L104A,46,,,,
,,ZzNAMEqQ,S202A,26,,,,ZzNAMEqQ,L104A,47,,,,
,,ZzNAMEqQ,S202A,25,,,,ZzNAMEqQ,L104A,48,,,,
,,ZzNAMEqQ,S202B,24,,,,ZzNAMEqQ,L104B,25,,,,
,,ZzNAMEqQ,S202B,23,,,,ZzNAMEqQ,L104B,26,,,,
,,ZzNAMEqQ,S203B,22,,,,ZzNAMEqQ,L104B,27,,,,
,,ZzNAMEqQ,S203B,21,,,,ZzNAMEqQ,L104B,28,,,,
,,ZzNAMEqQ,S201B,20,,,,ZzNAMEqQ,L104B,29,,,,
,,ZzNAMEqQ,S201B,19,,,,ZzNAMEqQ,L104B,30,,,,
,,ZzNAMEqQ,S201A,31,,,,ZzNAMEqQ,L104B,31,,,,
,,ZzNAMEqQ,S201A,32,,,,ZzNAMEqQ,L104B,32,,,,
,,ZzNAMEqQ,S203A,33,,,,ZzNAMEqQ,L104B,33,,,,
,,ZzNAMEqQ,S203A,34,,,,ZzNAMEqQ,L104B,34,,,,
,,ZzNAMEqQ,S202A,35,,,,ZzNAMEqQ,L104B,35,,,,
,,ZzNAMEqQ,S202A,36,,,,ZzNAMEqQ,L104B,36,,,,
,,ZzNAMEqQ,S202A,37,,,,ZzNAMEqQ,L104B,37,,,,
,,ZzNAMEqQ,S202A,38,,,,ZzNAMEqQ,L104B,38,,,,
,,ZzNAMEqQ,S203A,39,,,,ZzNAMEqQ,L104B,39,,,,
,,ZzNAMEqQ,S203A,40,,,,ZzNAMEqQ,L104B,40,,,,
,,ZzNAMEqQ,S201A,41,,,,ZzNAMEqQ,L104B,41,,,,
,,ZzNAMEqQ,S201A,42,,,,ZzNAMEqQ,L104B,42,,,,
,,ZzNAMEqQ,S201B,06,,,,ZzNAMEqQ,L104B,43,,,,
,,ZzNAMEqQ,S201B,05,,,,ZzNAMEqQ,L104B,44,,,,
,,ZzNAMEqQ,S203B,04,,,,ZzNAMEqQ,L104B,45,,,,
,,ZzNAMEqQ,S203B,03,,,,ZzNAMEqQ,L104B,46,,,,
,,ZzNAMEqQ,S202B,02,,,,ZzNAMEqQ,L104B,47,,,,
,,ZzNAMEqQ,S202B,01,,,,ZzNAMEqQ,L104B,48,,,,
,,ZzNAMEqQ,S203A,24,,,,ZzNAMEqQ,L105A,25,,,,
,,ZzNAMEqQ,S203A,23,,,,ZzNAMEqQ,L105A,26,,,,
,,ZzNAMEqQ,S201A,22,,,,ZzNAMEqQ,L105A,27,,,,
,,ZzNAMEqQ,S201A,21,,,,ZzNAMEqQ,L105A,28,,,,
,,ZzNAMEqQ,S202A,20,,,,ZzNAMEqQ,L105A,29,,,,
,,ZzNAMEqQ,S202A,19,,,,ZzNAMEqQ,L105A,30,,,,
,,ZzNAMEqQ,S201B,31,,,,ZzNAMEqQ,L105A,31,,,,
,,ZzNAMEqQ,S201B,32,,,,ZzNAMEqQ,L105A,32,,,,
,,ZzNAMEqQ,S203B,33,,,,ZzNAMEqQ,L105A,33,,,,
,,ZzNAMEqQ,S203B,34,,,,ZzNAMEqQ,L105A,34,,,,
,,ZzNAMEqQ,S202B,35,,,,ZzNAMEqQ,L105A,35,,,,
,,ZzNAMEqQ,S202B,36,,,,ZzNAMEqQ,L105A,36,,,,
,,ZzNAMEqQ,S202B,37,,,,ZzNAMEqQ,L105A,37,,,,
,,ZzNAMEqQ,S202B,38,,,,ZzNAMEqQ,L105A,38,,,,
,,ZzNAMEqQ,S203B,39,,,,ZzNAMEqQ,L105A,39,,,,
,,ZzNAMEqQ,S203B,40,,,,ZzNAMEqQ,L105A,40,,,,
,,ZzNAMEqQ,S201B,41,,,,ZzNAMEqQ,L105A,41,,,,
,,ZzNAMEqQ,S201B,42,,,,ZzNAMEqQ,L105A,42,,,,
,,ZzNAMEqQ,S202A,06,,,,ZzNAMEqQ,L105A,43,,,,
,,ZzNAMEqQ,S202A,05,,,,ZzNAMEqQ,L105A,44,,,,
,,ZzNAMEqQ,S201A,04,,,,ZzNAMEqQ,L105A,45,,,,
,,ZzNAMEqQ,S201A,03,,,,ZzNAMEqQ,L105A,46,,,,
,,ZzNAMEqQ,S203A,02,,,,ZzNAMEqQ,L105A,47,,,,
,,ZzNAMEqQ,S203A,01,,,,ZzNAMEqQ,L105A,48,,,,
,,ZzNAMEqQ,S203B,48,,,,ZzNAMEqQ,L105B,25,,,,
,,ZzNAMEqQ,S203B,47,,,,ZzNAMEqQ,L105B,26,,,,
,,ZzNAMEqQ,S201B,46,,,,ZzNAMEqQ,L105B,27,,,,
,,ZzNAMEqQ,S201B,45,,,,ZzNAMEqQ,L105B,28,,,,
,,ZzNAMEqQ,S202B,44,,,,ZzNAMEqQ,L105B,29,,,,
,,ZzNAMEqQ,S202B,43,,,,ZzNAMEqQ,L105B,30,,,,
,,ZzNAMEqQ,S202A,07,,,,ZzNAMEqQ,L105B,31,,,,
,,ZzNAMEqQ,S202A,08,,,,ZzNAMEqQ,L105B,32,,,,
,,ZzNAMEqQ,S201A,09,,,,ZzNAMEqQ,L105B,33,,,,
,,ZzNAMEqQ,S201A,10,,,,ZzNAMEqQ,L105B,34,,,,
,,ZzNAMEqQ,S203A,11,,,,ZzNAMEqQ,L105B,35,,,,
,,ZzNAMEqQ,S203A,12,,,,ZzNAMEqQ,L105B,36,,,,
,,ZzNAMEqQ,S203A,13,,,,ZzNAMEqQ,L105B,37,,,,
,,ZzNAMEqQ,S203A,14,,,,ZzNAMEqQ,L105B,38,,,,
,,ZzNAMEqQ,S201A,15,,,,ZzNAMEqQ,L105B,39,,,,
,,ZzNAMEqQ,S201A,16,,,,ZzNAMEqQ,L105B,40,,,,
,,ZzNAMEqQ,S202A,17,,,,ZzNAMEqQ,L105B,41,,,,
,,ZzNAMEqQ,S202A,18,,,,ZzNAMEqQ,L105B,42,,,,
,,ZzNAMEqQ,S202B,30,,,,ZzNAMEqQ,L105B,43,,,,
,,ZzNAMEqQ,S202B,29,,,,ZzNAMEqQ,L105B,44,,,,
,,ZzNAMEqQ,S201B,28,,,,ZzNAMEqQ,L105B,45,,,,
,,ZzNAMEqQ,S201B,27,,,,ZzNAMEqQ,L105B,46,,,,
,,ZzNAMEqQ,S203B,26,,,,ZzNAMEqQ,L105B,47,,,,
,,ZzNAMEqQ,S203B,25,,,,ZzNAMEqQ,L105B,48,,,,
,,ZzNAMEqQ,S203A,48,,,,ZzNAMEqQ,L106A,25,,,,
,,ZzNAMEqQ,S203A,47,,,,ZzNAMEqQ,L106A,26,,,,
,,ZzNAMEqQ,S201A,46,,,,ZzNAMEqQ,L106A,27,,,,
,,ZzNAMEqQ,S201A,45,,,,ZzNAMEqQ,L106A,28,,,,
,,ZzNAMEqQ,S202A,44,,,,ZzNAMEqQ,L106A,29,,,,
,,ZzNAMEqQ,S202A,43,,,,ZzNAMEqQ,L106A,30,,,,
,,ZzNAMEqQ,S201B,07,,,,ZzNAMEqQ,L106A,31,,,,
,,ZzNAMEqQ,S201B,08,,,,ZzNAMEqQ,L106A,32,,,,
,,ZzNAMEqQ,S203B,09,,,,ZzNAMEqQ,L106A,33,,,,
,,ZzNAMEqQ,S203B,10,,,,ZzNAMEqQ,L106A,34,,,,
,,ZzNAMEqQ,S202B,11,,,,ZzNAMEqQ,L106A,35,,,,
,,ZzNAMEqQ,S202B,12,,,,ZzNAMEqQ,L106A,36,,,,
,,ZzNAMEqQ,S202B,13,,,,ZzNAMEqQ,L106A,37,,,,
,,ZzNAMEqQ,S202B,14,,,,ZzNAMEqQ,L106A,38,,,,
,,ZzNAMEqQ,S203B,15,,,,ZzNAMEqQ,L106A,39,,,,
,,ZzNAMEqQ,S203B,16,,,,ZzNAMEqQ,L106A,40,,,,
,,ZzNAMEqQ,S201B,17,,,,ZzNAMEqQ,L106A,41,,,,
,,ZzNAMEqQ,S201B,18,,,,ZzNAMEqQ,L106A,42,,,,
,,ZzNAMEqQ,S202A,30,,,,ZzNAMEqQ,L106A,43,,,,
,,ZzNAMEqQ,S202A,29,,,,ZzNAMEqQ,L106A,44,,,,
,,ZzNAMEqQ,S201A,28,,,,ZzNAMEqQ,L106A,45,,,,
,,ZzNAMEqQ,S201A,27,,,,ZzNAMEqQ,L106A,46,,,,
,,ZzNAMEqQ,S203A,26,,,,ZzNAMEqQ,L106A,47,,,,
,,ZzNAMEqQ,S203A,25,,,,ZzNAMEqQ,L106A,48,,,,
,,ZzNAMEqQ,S203B,24,,,,ZzNAMEqQ,L106B,25,,,,
,,ZzNAMEqQ,S203B,23,,,,ZzNAMEqQ,L106B,26,,,,
,,ZzNAMEqQ,S201B,22,,,,ZzNAMEqQ,L106B,27,,,,
,,ZzNAMEqQ,S201B,21,,,,ZzNAMEqQ,L106B,28,,,,
,,ZzNAMEqQ,S202B,20,,,,ZzNAMEqQ,L106B,29,,,,
,,ZzNAMEqQ,S202B,19,,,,ZzNAMEqQ,L106B,30,,,,
,,ZzNAMEqQ,S202A,31,,,,ZzNAMEqQ,L106B,31,,,,
,,ZzNAMEqQ,S202A,32,,,,ZzNAMEqQ,L106B,32,,,,
,,ZzNAMEqQ,S201A,33,,,,ZzNAMEqQ,L106B,33,,,,
,,ZzNAMEqQ,S201A,34,,,,ZzNAMEqQ,L106B,34,,,,
,,ZzNAMEqQ,S203A,35,,,,ZzNAMEqQ,L106B,35,,,,
,,ZzNAMEqQ,S203A,36,,,,ZzNAMEqQ,L106B,36,,,,
,,ZzNAMEqQ,S203A,37,,,,ZzNAMEqQ,L106B,37,,,,
,,ZzNAMEqQ,S203A,38,,,,ZzNAMEqQ,L106B,38,,,,
,,ZzNAMEqQ,S201A,39,,,,ZzNAMEqQ,L106B,39,,,,
,,ZzNAMEqQ,S201A,40,,,,ZzNAMEqQ,L106B,40,,,,
,,ZzNAMEqQ,S202A,41,,,,ZzNAMEqQ,L106B,41,,,,
,,ZzNAMEqQ,S202A,42,,,,ZzNAMEqQ,L106B,42,,,,
,,ZzNAMEqQ,S202B,06,,,,ZzNAMEqQ,L106B,43,,,,
,,ZzNAMEqQ,S202B,05,,,,ZzNAMEqQ,L106B,44,,,,
,,ZzNAMEqQ,S201B,04,,,,ZzNAMEqQ,L106B,45,,,,
,,ZzNAMEqQ,S201B,03,,,,ZzNAMEqQ,L106B,46,,,,
,,ZzNAMEqQ,S203B,02,,,,ZzNAMEqQ,L106B,47,,,,
,,ZzNAMEqQ,S203B,01,,,,ZzNAMEqQ,L106B,48,,,,
 ,,,,,,,,,,,,,,
